{"cameraMode":{"drawMode":0,"name":"Shaded","section":"Shading Mode"},"sceneLighting":false,"audioPlay":false,"sceneViewState":{"showFog":true,"showMaterialUpdate":false,"showSkybox":false,"showFlares":true,"showImageEffects":true,"showParticleSystems":true,"showVisualEffectGraphs":true,"m_FxEnabled":true},"in2DMode":false,"pivot":{"x":32.40208053588867,"y":0.43889498710632326,"z":51.768409729003909},"rotation":{"x":-0.3738362491130829,"y":-0.07058470696210861,"z":0.028567705303430558,"w":-0.9243859052658081},"size":0.8660253882408142,"orthographic":false}